Followers,Following,Posts,Has_Profile_Pic,Label
16872,2033,484,True,1
962393,544,177,True,1
214665,3013,134,True,1
460026,1693,200,True,1
599721,3491,307,True,1
538252,654,240,False,0
506436,2359,379,True,1
252609,4616,305,True,1
354805,2585,80,True,1
273115,2251,172,False,0
141681,2412,344,True,1
209656,2381,374,True,1
116043,1184,59,False,0
425157,1088,284,True,1
96235,1945,485,False,0
902941,2986,117,False,0
230079,4202,365,False,0
533860,3395,397,False,0
822115,3091,41,False,0
403020,4533,428,True,1
720200,2642,32,True,1
468160,3921,163,False,0
833568,3894,321,True,1
836228,37,475,True,1
303543,718,57,False,0
956980,4394,163,False,0
707896,2674,341,False,0
58299,805,389,True,1
201685,4709,350,False,0
177316,3723,500,True,1
328580,3932,357,False,0
465893,4994,19,True,1
943074,3753,77,True,1
459301,311,62,False,0
498256,3189,387,True,1
277993,1919,392,True,1
506266,1232,409,True,1
29262,2594,349,True,1
666691,4052,112,True,1
824870,215,78,True,1
854433,1191,320,True,1
819257,4287,118,True,1
584343,4803,292,True,1
788996,238,307,False,0
413856,1979,15,False,0
997590,1400,16,True,1
646281,237,200,False,0
311572,2771,99,False,0
399675,2998,500,False,0
810710,2104,484,False,0
669506,2379,51,False,0
49499,2869,51,True,1
749229,2451,189,False,0
772888,1063,20,False,0
333410,2934,287,True,1
945056,4726,418,True,1
157712,3046,438,False,0
493555,3689,177,True,1
498981,3651,425,True,1
571391,1328,360,True,1
978372,3689,241,False,0
707609,1379,167,True,1
304085,1726,261,True,1
937164,4844,458,True,1
337107,1663,172,False,0
749408,1485,29,False,0
478367,2328,180,False,0
587203,2822,399,False,0
106405,516,279,True,1
211992,2614,153,False,0
408592,2039,374,True,1
640716,4990,269,True,1
996879,2467,68,True,1
503575,4735,122,True,1
437201,4602,385,False,0
833761,3473,488,True,1
567308,101,308,True,1
520236,3432,196,True,1
224991,967,317,False,0
102226,3019,252,False,0
532044,654,395,True,1
147440,4460,205,False,0
956862,4999,70,True,1
45555,3656,345,False,0
385972,4536,427,False,0
114328,1680,182,True,1
871528,2577,220,True,1
672031,936,279,False,0
259220,2919,412,False,0
644292,4271,211,False,0
896367,4220,108,False,0
232312,1305,324,True,1
102415,3893,60,False,0
565665,101,245,False,0
887448,3114,54,False,0
913783,3572,448,True,1
228858,3468,398,True,1
937141,4874,155,True,1
90353,1199,353,True,1
618106,4559,60,True,1
665239,3590,255,False,0
360241,2595,65,True,1
447581,1041,183,False,0
792433,216,74,False,0
295415,1,204,False,0
383132,2504,123,True,1
967008,4008,253,False,0
385912,3803,398,True,1
865954,1789,434,False,0
952330,3024,27,False,0
233652,2771,136,False,0
385909,4880,44,False,0
199970,2960,97,False,0
183896,3572,127,True,1
996463,3565,105,False,0
763219,2617,93,False,0
402805,1298,131,False,0
990112,944,356,False,0
602429,4029,289,False,0
413002,611,133,True,1
212026,686,290,True,1
623371,1907,263,True,1
370341,3054,344,False,0
819532,645,454,True,1
839186,469,423,False,0
87533,3725,312,False,0
150738,1881,105,True,1
470679,575,236,False,0
128648,1643,176,False,0
232429,3083,300,False,0
76849,4422,29,True,1
935583,1924,62,False,0
620249,4205,81,True,1
554334,4600,472,True,1
950284,747,152,True,1
579983,1325,172,False,0
748867,3345,397,True,1
741614,4921,226,True,1
915343,1019,410,False,0
797559,571,250,True,1
844799,4968,402,False,0
593897,3662,183,True,1
156693,4067,493,False,0
625935,3420,267,True,1
435841,1092,235,False,0
818927,3437,49,True,1
981992,446,433,False,0
553122,3674,460,False,0
931690,4788,432,True,1
928123,4603,95,True,1
589612,2973,480,False,0
447477,4390,143,False,0
325615,421,235,False,0
121787,667,117,True,1
67995,2213,309,False,0
53194,4706,441,False,0
206583,3858,370,False,0
340738,3266,384,True,1
196290,4434,2,True,0
210086,988,106,True,1
447088,4865,83,True,1
561112,443,73,False,0
382968,4346,15,True,1
412571,1712,489,False,0
684291,3036,415,False,0
847967,1247,159,False,0
146733,2025,213,True,1
606521,3673,141,False,0
839265,2228,33,False,0
873323,3388,153,True,1
317350,4827,241,False,0
592143,1332,353,False,0
317447,1140,111,False,0
484071,1993,0,True,0
77357,4185,144,True,1
904332,11,496,False,0
276657,3483,107,False,0
444372,1050,297,False,0
373099,3604,199,False,0
245431,2386,472,True,1
529750,2747,371,True,1
296897,4313,256,True,1
528151,4685,382,True,1
191672,4623,307,False,0
421258,4493,18,True,1
169758,467,230,False,0
46003,1826,292,False,0
536178,791,149,True,1
137535,773,435,False,0
627489,4719,194,True,1
822324,3655,266,True,1
384854,1187,445,False,0
668865,3538,327,False,0
600965,707,380,False,0
919209,163,276,False,0
402901,371,72,False,0
287403,4740,382,True,1
490348,3675,69,True,1
8514,4864,194,False,0
418009,663,447,False,0
201553,3944,190,True,1
451957,1504,42,False,0
573010,2742,17,False,0
675627,3355,390,False,0
633877,33,232,True,1
344801,352,469,True,1
35350,1819,137,False,0
641824,1181,30,True,1
438640,4465,164,True,1
375331,317,117,True,1
302828,635,122,True,1
869317,3595,313,True,1
629709,835,210,False,0
979462,4563,12,False,0
602339,3389,276,True,1
842116,2524,67,False,0
508190,4778,30,False,0
563918,338,269,True,1
280388,3869,466,False,0
610292,3071,248,True,1
626377,795,480,True,1
761402,4032,319,True,1
734498,2681,288,False,0
666997,1098,474,False,0
660135,2464,98,False,0
912358,2236,64,True,1
416569,1114,90,False,0
202926,4282,71,False,0
625913,1327,327,True,1
464007,2742,386,True,1
283162,1353,122,True,1
754807,1778,47,False,0
998644,1869,47,False,0
182977,1677,265,True,1
910971,2147,220,False,0
775638,3912,242,True,1
68236,3930,137,True,1
860482,1783,135,True,1
928122,1110,91,True,1
316541,3259,2,False,0
865695,1019,328,False,0
97051,1413,134,True,1
607943,624,325,True,1
160515,1412,435,True,1
770668,4414,261,True,1
290505,770,149,False,0
398362,3881,34,False,0
652978,3753,500,True,1
259937,2381,391,True,1
655161,3778,123,False,0
739813,1226,139,False,0
633668,4081,33,False,0
646522,2250,330,True,1
206679,4026,21,True,1
756551,3585,458,True,1
276182,2621,331,True,1
475126,611,333,False,0
339252,4038,435,True,1
772030,1002,134,True,1
744595,3008,249,False,0
671192,3115,50,True,1
920089,1944,316,False,0
379285,587,289,True,1
434480,2265,26,True,1
233809,3307,360,True,1
755068,2219,124,False,0
375269,2947,406,False,0
628348,821,376,False,0
230650,594,490,True,1
385042,3880,190,True,1
579491,977,25,True,1
386663,4192,172,True,1
253069,2036,322,False,0
338836,3109,145,False,0
731984,4839,316,True,1
88805,3791,117,False,0
874616,3207,228,False,0
862784,1097,39,True,1
987624,1244,257,True,1
894464,341,225,False,0
778616,3849,173,False,0
796825,4213,300,True,1
145391,4508,74,True,1
889997,4889,15,False,0
805690,4336,422,True,1
521811,3378,353,True,1
994897,3294,380,True,1
861895,2612,191,False,0
830052,3957,293,False,0
781852,2917,458,True,1
909622,3483,402,True,1
378215,3051,104,False,0
976277,1135,405,True,1
778442,1147,404,True,1
412105,1424,197,True,1
843702,1031,444,True,1
484097,4770,293,False,0
762932,3820,80,True,1
686812,3516,419,False,0
305963,24,251,False,0
979816,3922,418,False,0
200285,4609,292,True,1
182243,2155,407,False,0
69131,2705,418,False,0
960980,2092,159,False,0
800299,403,32,True,1
743886,1589,222,True,1
343455,4654,63,False,0
810697,1054,328,True,1
761162,4821,153,True,1
861275,900,248,True,1
738013,1660,182,False,0
978077,4512,262,False,0
596045,1179,389,False,0
894758,348,118,True,1
320381,1349,453,True,1
780329,307,231,True,1
574301,1564,71,False,0
803799,3081,348,False,0
969206,2188,118,False,0
855650,745,188,False,0
408130,3688,461,False,0
219130,4809,410,False,0
854752,1941,272,False,0
617073,1911,202,False,0
698031,4575,475,True,1
504199,1059,137,False,0
202147,3980,492,True,1
118785,4468,89,True,1
84671,453,376,False,0
887310,603,325,False,0
223455,2048,444,True,1
733176,2131,280,True,1
386685,1633,32,False,0
207501,4402,173,False,0
880340,3653,278,False,0
640301,4423,199,False,0
153086,1198,95,True,1
409932,4729,20,True,1
674532,3664,372,True,1
87769,3570,182,False,0
35115,2388,214,False,0
311314,2112,429,False,0
406266,4611,470,True,1
220277,4940,440,False,0
460103,2727,251,False,0
430504,2380,410,False,0
827577,1814,20,True,1
381872,3484,379,True,1
413283,181,384,True,1
117712,2238,160,True,1
600561,3748,105,False,0
640011,4915,303,True,1
833727,4943,231,True,1
160342,3362,25,False,0
699952,3626,107,False,0
716282,410,42,False,0
450878,240,500,True,1
651390,617,202,False,0
416525,1059,386,True,1
359643,961,146,False,0
268489,2537,361,False,0
590836,1900,184,True,1
183424,2063,121,False,0
341487,4555,307,True,1
782257,93,465,False,0
994216,506,175,False,0
531865,1498,145,True,1
65960,1575,16,True,1
288153,108,92,False,0
185660,4125,425,True,1
573458,4778,289,False,0
398555,42,118,False,0
961780,2965,419,False,0
531101,1901,264,False,0
345768,2995,207,False,0
869927,3436,173,False,0
634219,1596,205,False,0
973727,281,314,True,1
488208,1477,484,True,1
819824,166,332,True,1
944816,3000,496,True,1
378175,1665,497,True,1
791550,2231,223,False,0
26813,581,488,False,0
208583,4606,430,False,0
467548,3335,394,True,1
460768,2554,153,False,0
363835,3183,200,True,1
957938,2068,292,False,0
120461,227,411,False,0
958674,2733,27,True,1
438531,654,294,True,1
472353,44,26,False,0
532372,199,98,True,1
645593,2099,335,True,1
848416,1149,231,False,0
467172,4285,109,False,0
19685,1347,140,True,1
808529,4340,87,True,1
272352,3039,43,False,0
696959,1971,193,True,1
66825,4102,195,True,1
410764,3494,295,False,0
311803,3206,24,True,1
552859,1017,32,True,1
570502,4695,306,False,0
617017,1109,410,False,0
938832,1800,140,False,0
336433,2542,85,True,1
246285,2120,178,False,0
300736,4241,264,False,0
997567,4133,170,False,0
880395,1105,128,True,1
999081,842,99,True,1
841301,2407,466,True,1
901438,2374,36,False,0
157583,725,305,True,1
385842,4821,481,False,0
588779,1025,318,True,1
584432,4072,46,False,0
131448,1620,10,False,0
815114,4194,206,True,1
358705,3021,402,False,0
572063,298,258,True,1
31816,3413,348,True,1
832936,3568,256,False,0
897180,798,203,False,0
188269,1540,211,True,1
579586,331,392,False,0
75523,2797,219,False,0
914954,2331,147,True,1
463019,1103,442,True,1
412187,2381,202,False,0
252070,2813,2,True,0
270155,1878,259,False,0
819221,4898,145,False,0
435933,3738,291,False,0
889241,2353,465,False,0
25782,2533,268,False,0
372697,1878,331,False,0
591264,3841,234,True,1
963069,742,4,True,0
420509,514,52,True,1
969421,4427,472,True,1
356771,1519,400,False,0
385632,4334,3,True,0
560362,2920,155,False,0
753089,1033,423,False,0
682627,1144,104,True,1
311531,3730,131,True,1
583903,3106,490,False,0
523375,779,134,False,0
406787,4640,320,False,0
889221,4654,145,False,0
744457,3676,360,False,0
187802,3384,320,False,0
101583,870,164,True,1
788853,3377,84,True,1
144135,3529,86,False,0
472044,1688,212,True,1
535277,897,438,True,1
572640,1541,250,False,0
525383,422,44,True,1
103695,3903,135,False,0
415869,622,174,True,1
185450,3990,91,True,1
809848,1847,74,False,0
134472,1041,4,True,0
29397,3115,409,True,1
655271,3024,448,True,1
511837,1009,411,True,1
518594,1371,307,False,0
114534,3722,451,False,0
919737,3139,14,True,1
120447,1306,373,False,0
596626,190,370,True,1
111697,136,223,True,1
80480,3257,283,False,0
397725,2665,68,False,0
625842,1278,150,True,1
956661,3050,372,True,1
178832,4725,181,True,1
573563,2718,407,True,1
275977,3297,404,True,1
364039,2801,184,False,0
947042,2794,478,False,0
356714,600,342,True,1
523283,3257,90,False,0
376262,4360,449,False,0
945603,2471,493,True,1
459103,4893,347,True,1
720066,1614,435,False,0
360723,2286,27,True,1
704002,4658,109,True,1
66386,1127,391,True,1
218702,4255,134,True,1
544992,2420,400,True,1
711374,2880,347,True,1
50380,848,319,True,1
